-- ============================================================================
-- 搭把手数据库迁移脚本 V1.12.0
-- 描述: 测试数据 — 用于系统测试的随机数据
-- 作者: dabashou-dev
-- 日期: 2026-06-30
-- 依赖: V1.7.0 (种子数据)
-- 变更记录:
--   V1.12.0 (2026-06-30) - 生成测试数据
-- ============================================================================

-- ==================== 1. 扩展测试用户 (20个) ====================
-- 密码统一为: 123456 (BCrypt hash)
SET @pwd_hash = '$2b$12$VipmeVvp066DBkrRvDNIgerpnmKqvo.lLzB84IwiIBlEahgG/0sjW';

INSERT INTO `dbs_user` (`username`, `nickname`, `avatar`, `phone`, `password_hash`, `point_balance`, `trust_score`, `campus`, `building`, `bio`, `status`, `longitude`, `latitude`) VALUES
('chenqi', '陈七', 'https://picsum.photos/seed/chenqi/200/200', '13800000004', @pwd_hash, 350, 4.8, '主校区', '4号宿舍楼', '计算机学院大三，ACM银牌', 1, 116.397428, 39.90923),
('zhaoba', '赵八', 'https://picsum.photos/seed/zhaoba/200/200', '13800000005', @pwd_hash, 180, 3.5, '东校区', '5号宿舍楼', '艺术学院，喜欢画画和摄影', 1, 116.40528, 39.90421),
('sunjiu', '孙九', 'https://picsum.photos/seed/sunjiu/200/200', '13800000006', @pwd_hash, 420, 4.2, '主校区', '6号宿舍楼', '数学系学霸，高数满分', 1, 116.39812, 39.91015),
('zhouyi', '周十', 'https://picsum.photos/seed/zhouyi/200/200', '13800000007', @pwd_hash, 90, 2.8, '西校区', '1号宿舍楼', '大一新生，啥都不会', 1, 116.38915, 39.91234),
('wuer', '吴二', 'https://picsum.photos/seed/wuer/200/200', '13800000008', @pwd_hash, 600, 4.9, '主校区', '7号宿舍楼', '研究生，精通深度学习', 1, 116.39688, 39.90856),
('zhengsan', '郑三', 'https://picsum.photos/seed/zhengsan/200/200', '13800000009', @pwd_hash, 250, 3.8, '东校区', '2号宿舍楼', '音乐学院，吉他十级', 1, 116.40455, 39.90378),
('huangsi', '黄四', 'https://picsum.photos/seed/huangsi/200/200', '13800000010', @pwd_hash, 150, 3.2, '主校区', '8号宿舍楼', '体育生，篮球校队', 1, 116.39777, 39.90989),
('linwu', '林五', 'https://picsum.photos/seed/linwu/200/200', '13800000011', @pwd_hash, 380, 4.5, '西校区', '2号宿舍楼', '英语专业，专八优秀', 1, 116.38892, 39.91198),
('hexiao', '何小', 'https://picsum.photos/seed/hexiao/200/200', '13800000012', @pwd_hash, 200, 3.9, '主校区', '9号宿舍楼', '设计学院，UI/UX设计', 1, 116.39801, 39.90765),
('luda', '卢大', 'https://picsum.photos/seed/luda/200/200', '13800000013', @pwd_hash, 500, 4.7, '东校区', '3号宿舍楼', '全栈工程师，实习字节', 1, 116.40388, 39.90456),
('xietian', '谢天', 'https://picsum.photos/seed/xietian/200/200', '13800000014', @pwd_hash, 120, 3.0, '主校区', '10号宿舍楼', '化学系，实验室常客', 1, 116.39712, 39.91078),
('caoxi', '曹曦', 'https://picsum.photos/seed/caoxi/200/200', '13800000015', @pwd_hash, 280, 4.1, '西校区', '3号宿舍楼', '法学院，辩论队队长', 1, 116.38978, 39.91145),
('gaoyun', '高云', 'https://picsum.photos/seed/gaoyun/200/200', '13800000016', @pwd_hash, 350, 4.4, '主校区', '11号宿舍楼', '物理系，量子计算方向', 1, 116.39845, 39.90812),
('tangmin', '唐敏', 'https://picsum.photos/seed/tangmin/200/200', '13800000017', @pwd_hash, 400, 4.6, '东校区', '4号宿舍楼', '医学院，解剖课助教', 1, 116.40278, 39.90512),
('hanmei', '韩梅', 'https://picsum.photos/seed/hanmei/200/200', '13800000018', @pwd_hash, 180, 3.6, '主校区', '12号宿舍楼', '新闻学院，校报记者', 1, 116.39655, 39.91134),
('fengyi', '冯一', 'https://picsum.photos/seed/fengyi/200/200', '13800000019', @pwd_hash, 550, 4.8, '西校区', '4号宿舍楼', '经济学院，GPA3.9', 1, 116.39012, 39.91089),
('dengchao', '邓超', 'https://picsum.photos/seed/dengchao/200/200', '13800000020', @pwd_hash, 300, 4.0, '主校区', '13号宿舍楼', '机械学院，机器人社团', 1, 116.39788, 39.90945),
('pengpeng', '彭鹏', 'https://picsum.photos/seed/pengpeng/200/200', '13800000021', @pwd_hash, 100, 2.5, '东校区', '5号宿舍楼', '历史系，古籍爱好者', 1, 116.40412, 39.90345),
('xiaohua', '小花', 'https://picsum.photos/seed/xiaohua/200/200', '13800000022', @pwd_hash, 450, 4.3, '主校区', '14号宿舍楼', '外国语学院，日语N1', 1, 116.39698, 39.91023),
('dawei', '大卫', 'https://picsum.photos/seed/dawei/200/200', '13800000023', @pwd_hash, 320, 4.1, '西校区', '5号宿舍楼', '建筑学院，手绘达人', 1, 116.38945, 39.91178);

-- ==================== 2. 扩展用户技能 ====================
INSERT INTO `dbs_user_skill` (`user_id`, `skill_tag_id`, `proficiency`, `description`) VALUES
-- 陈七(id=5) - 编程
(5, 16, 4, 'Python竞赛金牌，LeetCode 2000+'), (5, 17, 3, 'Java项目经验丰富'), (5, 19, 3, '微信小程序开发'),
-- 赵八(id=6) - 设计
(6, 11, 3, '海报设计有创意'), (6, 15, 4, '专业摄影师，PS大师'), (6, 13, 3, 'Figma/Sketch都行'),
-- 孙九(id=7) - 学业
(7, 1, 4, '高数答疑，讲题清晰'), (7, 3, 3, '考研数学145分'), (7, 4, 2, '论文排版'),
-- 周十(id=8) - 啥都想学
(8, 26, 1, '想学篮球'), (8, 31, 1, '想学吉他'),
-- 吴二(id=9) - 技术大牛
(9, 16, 4, '深度学习博士在读'), (9, 20, 3, '服务器部署'), (9, 17, 3, '分布式系统'),
-- 郑三(id=10) - 音乐
(10, 31, 4, '吉他十级，可教指弹'), (10, 32, 3, '声乐辅导'),
-- 黄四(id=11) - 运动
(11, 26, 4, '校队后卫，三分超准'), (11, 27, 3, '健身教练证'),
-- 林五(id=12) - 英语
(12, 2, 4, '专八优秀，可带口语'), (12, 4, 3, 'SCI论文润色'),
-- 何小(id=13) - 设计
(13, 13, 4, 'UI设计，有大厂实习'), (13, 14, 3, 'PPT模板设计'),
-- 卢大(id=14) - 全栈
(14, 16, 3, 'Python后端'), (14, 17, 4, 'Java架构师'), (14, 18, 4, 'React/Vue精通'),
-- 谢天(id=15) - 化学
(15, 1, 2, '基础化学辅导'),
-- 曹曦(id=16) - 法学
(16, 4, 3, '论文写作指导'), (16, 2, 2, '英语六级580'),
-- 高云(id=17) - 物理
(17, 1, 3, '大学物理辅导'), (17, 5, 2, 'Python数据分析'),
-- 唐敏(id=18) - 医学
(18, 1, 3, '生物化学辅导'), (18, 27, 2, '运动康复知识'),
-- 韩梅(id=19) - 新闻
(19, 11, 2, '新闻海报设计'), (19, 14, 3, 'PPT演讲培训'),
-- 冯一(id=20) - 经济
(20, 1, 3, '高数/线代/概率论'), (20, 4, 3, '学术论文指导'),
-- 邓超(id=21) - 机械
(21, 6, 3, '电脑硬件维修'), (21, 19, 2, '嵌入式开发'),
-- 彭鹏(id=22) - 历史
(22, 4, 2, '文科论文写作'),
-- 小花(id=23) - 日语
(23, 2, 3, '日语N1，可教基础'), (23, 31, 2, '声乐基础'),
-- 大卫(id=24) - 建筑
(24, 11, 3, '建筑效果图设计'), (24, 15, 4, '手绘/板绘都行');

-- ==================== 3. 扩展技能货架 (15个) ====================
INSERT INTO `dbs_skill_shelf` (`user_id`, `skill_tag_id`, `title`, `description`, `point_price`, `duration_minutes`, `location_type`, `status`) VALUES
(5, 16, 'Python算法辅导', 'ACM银牌选手教你刷题，从入门到进阶', 200, 90, 1, 1),
(5, 19, '微信小程序开发', '从零开始教你做小程序，含云开发', 180, 60, 1, 1),
(6, 15, '专业摄影修图', '人像/风景/产品摄影后期处理', 250, 120, 3, 1),
(7, 1, '高数期末冲刺', '针对期末考试的重点讲解和刷题', 150, 90, 1, 1),
(7, 3, '考研数学辅导', '数一/数二/数三全面辅导', 300, 120, 1, 1),
(9, 16, '深度学习入门', 'PyTorch实战，CNN/RNN/Transformer', 350, 120, 1, 1),
(10, 31, '吉他零基础教学', '从和弦开始，一个月能弹唱', 120, 60, 2, 1),
(11, 26, '篮球技术提升', '投篮/运篮/过人技巧，实战训练', 100, 60, 2, 1),
(12, 2, '英语口语陪练', '全英文对话，纠正发音和语法', 130, 60, 1, 1),
(13, 13, 'APP界面设计', '从原型到高保真，含设计规范', 280, 120, 1, 1),
(14, 17, 'Java项目实战', '带你从零搭建Spring Boot项目', 250, 120, 1, 1),
(14, 18, 'React前端开发', 'Hooks+TypeScript实战项目', 220, 90, 1, 1),
(17, 1, '大学物理答疑', '力学/电磁学/光学，讲题耐心', 130, 60, 3, 1),
(20, 1, '概率论与数理统计', '期末重点梳理，公式推导', 160, 90, 1, 1),
(24, 15, '手绘插画教学', '素描/水彩/板绘，有作品集', 200, 90, 2, 1);

-- ==================== 4. 扩展需求 (12个) ====================
INSERT INTO `dbs_demand` (`user_id`, `skill_tag_id`, `title`, `description`, `point_reward`, `deadline`, `location_type`, `campus`, `building`, `status`, `demand_type`) VALUES
(8, 16, 'Python课设求助', '大一Python课设不会写，求大佬带', 200, '2026-07-20 23:59:59', 1, '西校区', '1号宿舍楼', 1, 1),
(8, 31, '想学吉他弹唱', '零基础想学吉他，有没有耐心的老师', 150, '2026-08-01 23:59:59', 2, '西校区', '1号宿舍楼', 1, 1),
(6, 17, 'Java Web大作业', '需要一个完整的Web项目，有偿', 300, '2026-07-15 23:59:59', 1, '东校区', '5号宿舍楼', 1, 1),
(11, 11, '社团招新海报设计', '武术社需要一张中国风海报', 120, '2026-07-08 23:59:59', 1, '主校区', '8号宿舍楼', 1, 1),
(15, 6, '电脑开不了机', '笔记本突然黑屏，急！', 80, '2026-07-02 18:00:00', 2, '主校区', '10号宿舍楼', 1, 1),
(19, 16, '爬虫脚本编写', '需要爬取一些公开数据，Python实现', 180, '2026-07-12 23:59:59', 1, '主校区', '12号宿舍楼', 1, 1),
(22, 14, '毕业论文PPT', '下周答辩，需要做一个精美的PPT', 150, '2026-07-05 23:59:59', 1, '东校区', '5号宿舍楼', 1, 1),
(18, 26, '篮球入门教学', '完全不会打篮球，想学基础', 100, '2026-07-20 23:59:59', 2, '东校区', '4号宿舍楼', 1, 1),
(21, 13, '产品原型设计', '有个创业项目想法，需要UI原型', 250, '2026-07-18 23:59:59', 1, '主校区', '13号宿舍楼', 1, 1),
(7, 2, '英语六级辅导', '12月考六级，需要系统辅导', 200, '2026-12-01 23:59:59', 1, '主校区', '6号宿舍楼', 1, 1),
(12, 18, 'Vue3项目重构', '老项目需要升级到Vue3+TypeScript', 300, '2026-07-25 23:59:59', 1, '西校区', '2号宿舍楼', 1, 1),
(23, 15, '产品宣传图设计', '需要一套产品宣传图，5张左右', 350, '2026-07-15 23:59:59', 1, '主校区', '14号宿舍楼', 1, 1);

-- ==================== 5. 订单数据 (各种状态) ====================
INSERT INTO `dbs_order` (`order_no`, `buyer_id`, `seller_id`, `demand_id`, `skill_shelf_id`, `skill_tag_id`, `title`, `point_amount`, `status`, `verify_code`, `verify_code_expire`, `remark`, `create_time`, `update_time`) VALUES
-- 已完成订单
('DBS20260625001', 3, 2, NULL, 1, 16, 'Python编程辅导', 150, 5, '123456', '2026-06-26 18:00:00', '老师讲得很好', '2026-06-25 10:00:00', '2026-06-25 16:00:00'),
('DBS20260626001', 4, 3, NULL, 3, 11, '海报设计', 180, 5, '234567', '2026-06-27 18:00:00', '设计效果超预期', '2026-06-26 09:00:00', '2026-06-26 15:00:00'),
('DBS20260627001', 2, 4, NULL, 5, 26, '篮球陪练', 120, 5, '345678', '2026-06-28 18:00:00', '技术很好', '2026-06-27 14:00:00', '2026-06-27 20:00:00'),
('DBS20260628001', 8, 7, 10, NULL, 1, '高数期末冲刺', 150, 5, '456789', '2026-06-29 18:00:00', '讲得很清楚', '2026-06-28 08:00:00', '2026-06-28 17:00:00'),
('DBS20260628002', 6, 5, NULL, 1, 16, 'Python算法辅导', 200, 5, '567890', '2026-06-29 18:00:00', '学到很多', '2026-06-28 10:00:00', '2026-06-28 19:00:00'),
-- 服务中订单
('DBS20260629001', 8, 10, NULL, 12, 31, '吉他零基础教学', 120, 3, '678901', '2026-07-01 18:00:00', NULL, '2026-06-29 09:00:00', '2026-06-29 09:00:00'),
('DBS20260629002', 15, 12, NULL, 9, 2, '英语口语陪练', 130, 3, '789012', '2026-07-02 18:00:00', NULL, '2026-06-29 14:00:00', '2026-06-29 14:00:00'),
('DBS20260630001', 22, 14, NULL, 11, 17, 'Java项目实战', 250, 3, '890123', '2026-07-02 18:00:00', NULL, '2026-06-30 08:00:00', '2026-06-30 08:00:00'),
-- 待确认订单
('DBS20260630002', 11, 5, NULL, 2, 19, '微信小程序开发', 180, 4, '901234', '2026-07-01 18:00:00', '已学完', '2026-06-28 10:00:00', '2026-06-30 10:00:00'),
('DBS20260630003', 19, 13, NULL, 10, 13, 'APP界面设计', 280, 4, '012345', '2026-07-01 18:00:00', '设计完成', '2026-06-29 09:00:00', '2026-06-30 11:00:00'),
-- 待支付订单
('DBS20260630004', 7, 9, NULL, 6, 16, '深度学习入门', 350, 1, '111111', '2026-07-01 18:00:00', NULL, '2026-06-30 12:00:00', '2026-06-30 12:00:00'),
('DBS20260630005', 18, 11, NULL, 8, 26, '篮球技术提升', 100, 1, '222222', '2026-07-01 18:00:00', NULL, '2026-06-30 13:00:00', '2026-06-30 13:00:00'),
-- 已取消订单
('DBS20260625002', 2, 3, NULL, 4, 14, 'PPT美化', 100, 0, '333333', '2026-06-26 18:00:00', '临时有事取消', '2026-06-25 15:00:00', '2026-06-25 16:00:00'),
-- 争议订单
('DBS20260629003', 4, 2, NULL, 2, 18, '前端页面开发', 200, 7, '444444', '2026-06-30 18:00:00', '效果不满意', '2026-06-29 10:00:00', '2026-06-30 09:00:00');

-- ==================== 6. 积分账户 ====================
INSERT INTO `dbs_point_account` (`user_id`, `available`, `frozen`, `total_earned`, `total_spent`) VALUES
(1, 99999, 0, 99999, 0),    -- 管理员
(2, 650, 200, 800, 350),     -- 张三
(3, 480, 0, 630, 330),       -- 李四
(4, 180, 0, 300, 240),       -- 王五
(5, 520, 350, 750, 200),     -- 陈七
(6, 130, 0, 280, 300),       -- 赵八
(7, 300, 0, 450, 300),       -- 孙九
(8, 60, 120, 150, 210),      -- 周十
(9, 950, 250, 1200, 0),      -- 吴二
(10, 500, 0, 620, 240),      -- 郑三
(11, 100, 0, 200, 220),      -- 黄四
(12, 430, 130, 560, 0),      -- 林五
(13, 400, 280, 680, 0),      -- 何小
(14, 850, 250, 1100, 0),     -- 卢大
(15, 50, 0, 130, 180),       -- 谢天
(16, 200, 0, 350, 230),      -- 曹曦
(17, 450, 0, 580, 260),      -- 高云
(18, 300, 0, 400, 200),      -- 唐敏
(19, 100, 0, 250, 330),      -- 韩梅
(20, 500, 0, 700, 350),      -- 冯一
(21, 380, 0, 480, 200),      -- 邓超
(22, 50, 0, 150, 200),       -- 彭鹏
(23, 380, 0, 530, 300),      -- 小花
(24, 520, 200, 720, 0);      -- 大卫

-- ==================== 7. 积分流水 (部分记录) ====================
INSERT INTO `dbs_point_transaction` (`user_id`, `order_id`, `type`, `amount`, `balance_after`, `description`, `create_time`) VALUES
-- 注册奖励
(2, NULL, 5, 100, 100, '新用户注册奖励', '2026-06-20 10:00:00'),
(3, NULL, 5, 100, 100, '新用户注册奖励', '2026-06-20 10:00:00'),
(4, NULL, 5, 100, 100, '新用户注册奖励', '2026-06-20 10:00:00'),
(5, NULL, 5, 100, 100, '新用户注册奖励', '2026-06-20 10:00:00'),
-- 订单收入
(2, 1, 1, 150, 250, '订单DBS20260625001收入', '2026-06-25 16:00:00'),
(3, 2, 1, 180, 280, '订单DBS20260626001收入', '2026-06-26 15:00:00'),
(4, 3, 1, 120, 220, '订单DBS20260627001收入', '2026-06-27 20:00:00'),
(7, 4, 1, 150, 350, '订单DBS20260628001收入', '2026-06-28 17:00:00'),
(5, 5, 1, 200, 400, '订单DBS20260628002收入', '2026-06-28 19:00:00'),
-- 订单支出
(3, 1, 2, 150, 130, '订单DBS20260625001支出', '2026-06-25 16:00:00'),
(4, 2, 2, 180, 40, '订单DBS20260626001支出', '2026-06-26 15:00:00'),
(2, 3, 2, 120, 130, '订单DBS20260627001支出', '2026-06-27 20:00:00'),
-- 冻结
(8, 6, 3, 120, 60, '订单DBS20260629001冻结', '2026-06-29 09:00:00'),
(15, 7, 3, 130, 50, '订单DBS20260629002冻结', '2026-06-29 14:00:00'),
(22, 8, 3, 250, 50, '订单DBS20260630001冻结', '2026-06-30 08:00:00');

-- ==================== 8. 冻结记录 ====================
INSERT INTO `dbs_point_freeze` (`order_id`, `amount`, `status`, `create_time`) VALUES
(6, 120, 1, '2026-06-29 09:00:00'),
(7, 130, 1, '2026-06-29 14:00:00'),
(8, 250, 1, '2026-06-30 08:00:00'),
(9, 180, 2, '2026-06-28 10:00:00'),
(10, 280, 2, '2026-06-29 09:00:00');

-- ==================== 9. 担保池 ====================
INSERT INTO `dbs_guarantee_pool` (`order_id`, `amount`, `status`, `create_time`) VALUES
(1, 150, 2, '2026-06-25 10:00:00'),
(2, 180, 2, '2026-06-26 09:00:00'),
(3, 120, 2, '2026-06-27 14:00:00'),
(6, 120, 1, '2026-06-29 09:00:00'),
(7, 130, 1, '2026-06-29 14:00:00'),
(8, 250, 1, '2026-06-30 08:00:00');

-- ==================== 10. 评价数据 ====================
INSERT INTO `dbs_review` (`order_id`, `reviewer_id`, `rating`, `content`, `is_anonymous`, `create_time`) VALUES
(1, 3, 5, '张三大佬讲Python真的很清楚，一个小时就把我困扰几天的bug解决了，强烈推荐！', 0, '2026-06-25 17:00:00'),
(1, 2, 5, '李四同学很认真，学东西很快，是个好学生', 0, '2026-06-25 17:30:00'),
(2, 4, 5, '海报设计得太好了，超出预期，社团招新效果特别好', 0, '2026-06-26 16:00:00'),
(2, 3, 4, '需求沟通很顺畅，给的素材也很齐全', 0, '2026-06-26 16:30:00'),
(3, 2, 4, '王五篮球技术确实好，教得很耐心，下次还约', 0, '2026-06-27 21:00:00'),
(3, 4, 5, '张三学东西很认真，进步很快', 0, '2026-06-27 21:30:00'),
(4, 8, 5, '孙九学长讲高数太棒了，终于搞懂了极限和导数', 0, '2026-06-28 18:00:00'),
(5, 6, 5, '陈七的Python算法课含金量很高，ACM银牌名不虚传', 0, '2026-06-28 20:00:00');

-- ==================== 11. 聊天会话 ====================
INSERT INTO `dbs_chat_session` (`user1_id`, `user2_id`, `last_message`, `unread_count`, `create_time`, `update_time`) VALUES
(2, 3, '好的，那我们明天下午2点开始', 0, '2026-06-25 09:00:00', '2026-06-25 15:00:00'),
(2, 4, '篮球约起来！', 1, '2026-06-27 10:00:00', '2026-06-27 20:00:00'),
(5, 6, 'Python项目做完了吗？', 2, '2026-06-28 09:00:00', '2026-06-28 19:00:00'),
(7, 8, '高数还有不懂的可以问我', 0, '2026-06-28 16:00:00', '2026-06-28 17:00:00'),
(10, 8, '吉他调好弦了吗？', 1, '2026-06-29 08:00:00', '2026-06-29 09:00:00'),
(12, 15, 'See you tomorrow!', 0, '2026-06-29 13:00:00', '2026-06-29 14:00:00'),
(13, 19, '原型图发你看看', 1, '2026-06-29 08:00:00', '2026-06-30 11:00:00'),
(14, 22, 'Spring Boot环境配好了吗？', 0, '2026-06-30 07:00:00', '2026-06-30 08:00:00');

-- ==================== 12. 聊天消息 ====================
INSERT INTO `dbs_chat_message` (`session_id`, `sender_id`, `content`, `msg_type`, `is_read`, `create_time`) VALUES
-- 会话1: 张三 <-> 李四
(1, 2, '你好，我看到你需要Python辅导？', 1, 1, '2026-06-25 09:00:00'),
(1, 3, '是的，我有个爬虫项目不会写', 1, 1, '2026-06-25 09:05:00'),
(1, 2, '没问题，我可以教你，明天下午有空吗？', 1, 1, '2026-06-25 09:10:00'),
(1, 3, '有空的，几点合适？', 1, 1, '2026-06-25 09:15:00'),
(1, 2, '好的，那我们明天下午2点开始', 1, 1, '2026-06-25 15:00:00'),
-- 会话2: 张三 <-> 王五
(2, 4, '三哥，周末打篮球不？', 1, 1, '2026-06-27 10:00:00'),
(2, 2, '好啊，几点？', 1, 1, '2026-06-27 10:30:00'),
(2, 4, '下午3点，东校区篮球场', 1, 1, '2026-06-27 11:00:00'),
(2, 2, '篮球约起来！', 1, 0, '2026-06-27 20:00:00'),
-- 会话3: 陈七 <-> 赵八
(3, 5, '赵八，Python项目做完了吗？', 1, 1, '2026-06-28 09:00:00'),
(3, 6, '快了，还有个bug没修好', 1, 1, '2026-06-28 10:00:00'),
(3, 5, '需要帮忙吗？', 1, 1, '2026-06-28 11:00:00'),
(3, 6, '好的，晚上可以帮我看看吗？', 1, 0, '2026-06-28 18:00:00'),
(3, 5, 'Python项目做完了吗？', 1, 0, '2026-06-28 19:00:00'),
-- 会话5: 郑三 <-> 周十
(5, 10, '周十，吉他调好弦了吗？', 1, 0, '2026-06-29 08:00:00'),
(5, 8, '调好了，但是E弦好像有点松', 1, 1, '2026-06-29 08:30:00'),
(5, 10, '没关系，明天上课我帮你调', 1, 0, '2026-06-29 09:00:00');

-- ==================== 13. 系统通知 ====================
INSERT INTO `dbs_notification` (`user_id`, `type`, `title`, `content`, `related_type`, `related_id`, `is_read`, `create_time`) VALUES
(2, 'order', '订单完成', '您的订单DBS20260625001已完成，积分已到账', 'order', 1, 1, '2026-06-25 16:00:00'),
(3, 'order', '订单完成', '您的订单DBS20260626001已完成，请评价', 'order', 2, 1, '2026-06-26 15:00:00'),
(4, 'order', '订单完成', '您的订单DBS20260627001已完成', 'order', 3, 1, '2026-06-27 20:00:00'),
(8, 'order', '新订单', '您有一个新订单DBS20260629001待服务', 'order', 6, 0, '2026-06-29 09:00:00'),
(15, 'order', '新订单', '您有一个新订单DBS20260629002待服务', 'order', 7, 0, '2026-06-29 14:00:00'),
(2, 'credit', '收到评价', '李四给您了5星好评', 'review', 1, 1, '2026-06-25 17:00:00'),
(3, 'credit', '收到评价', '张三给您了5星好评', 'review', 2, 1, '2026-06-25 17:30:00'),
(7, 'point', '积分到账', '订单DBS20260628001收入150积分', NULL, NULL, 1, '2026-06-28 17:00:00'),
(5, 'point', '积分到账', '订单DBS20260628002收入200积分', NULL, NULL, 1, '2026-06-28 19:00:00'),
(8, 'system', '欢迎加入搭把手', '感谢注册搭把手平台，送您100积分新手礼包！', NULL, NULL, 1, '2026-06-20 10:00:00'),
(22, 'order', '订单争议', '订单DBS20260629003存在争议，请处理', 'order', 14, 0, '2026-06-30 09:00:00'),
(11, 'order', '待确认', '订单DBS20260630002等待您确认完成', 'order', 9, 0, '2026-06-30 10:00:00');

-- ==================== 14. 违规记录 ====================
INSERT INTO `credit_violation` (`user_id`, `type`, `description`, `penalty_score`, `reporter_id`, `status`, `create_time`) VALUES
(22, 'other', '订单完成后恶意差评', 0.5, 2, 1, '2026-06-30 10:00:00');

-- ==================== 15. 申诉 ====================
INSERT INTO `credit_appeal` (`violation_id`, `appellant_id`, `reason`, `status`, `create_time`) VALUES
(1, 22, '我认为评价是客观的，不存在恶意差评', 0, '2026-06-30 10:30:00');

-- ==================== 16. 时间格子 ====================
INSERT INTO `dbs_time_slot` (`user_id`, `date`, `start_time`, `end_time`, `status`) VALUES
-- 张三的时间
(2, '2026-07-01', '09:00:00', '11:00:00', 1),
(2, '2026-07-01', '14:00:00', '16:00:00', 1),
(2, '2026-07-02', '09:00:00', '12:00:00', 1),
(2, '2026-07-03', '14:00:00', '17:00:00', 2),
-- 李四的时间
(3, '2026-07-01', '10:00:00', '12:00:00', 1),
(3, '2026-07-01', '15:00:00', '17:00:00', 1),
(3, '2026-07-02', '09:00:00', '11:00:00', 1),
-- 陈七的时间
(5, '2026-07-01', '09:00:00', '12:00:00', 1),
(5, '2026-07-02', '14:00:00', '18:00:00', 1),
-- 郑三的时间
(10, '2026-07-01', '10:00:00', '12:00:00', 2),
(10, '2026-07-02', '14:00:00', '16:00:00', 1),
-- 卢大的时间
(14, '2026-07-01', '09:00:00', '12:00:00', 1),
(14, '2026-07-01', '14:00:00', '18:00:00', 2),
(14, '2026-07-02', '09:00:00', '18:00:00', 1);

-- ==================== 17. 统计数据 ====================
INSERT INTO `dbs_stat_daily` (`date`, `new_user_count`, `active_user_count`, `new_order_count`, `completed_order_count`, `point_inflow`, `point_outflow`) VALUES
('2026-06-20', 4, 4, 0, 0, 400, 0),
('2026-06-21', 2, 6, 0, 0, 200, 0),
('2026-06-22', 3, 8, 0, 0, 300, 0),
('2026-06-23', 2, 10, 0, 0, 200, 0),
('2026-06-24', 3, 12, 0, 0, 300, 0),
('2026-06-25', 2, 15, 2, 1, 350, 270),
('2026-06-26', 1, 16, 1, 1, 280, 180),
('2026-06-27', 2, 18, 1, 1, 220, 120),
('2026-06-28', 1, 20, 2, 2, 450, 270),
('2026-06-29', 2, 22, 3, 0, 150, 250),
('2026-06-30', 1, 24, 4, 0, 200, 350);

INSERT INTO `dbs_stat_skill_heat` (`skill_tag_id`, `shelf_count`, `demand_count`, `order_count`, `heat_score`, `stat_date`) VALUES
(16, 3, 2, 3, 95.5, '2026-06-30'),   -- Python开发 最热
(17, 2, 2, 2, 88.0, '2026-06-30'),   -- Java开发
(11, 2, 2, 2, 85.5, '2026-06-30'),   -- 海报设计
(26, 2, 1, 2, 82.0, '2026-06-30'),   -- 篮球陪练
(2, 1, 2, 1, 78.5, '2026-06-30'),    -- 英语四六级
(18, 2, 1, 1, 75.0, '2026-06-30'),   -- 前端开发
(31, 1, 1, 1, 72.0, '2026-06-30'),   -- 吉他教学
(13, 1, 1, 1, 70.0, '2026-06-30'),   -- UI界面设计
(1, 2, 1, 1, 68.5, '2026-06-30'),    -- 高数辅导
(15, 1, 1, 0, 65.0, '2026-06-30'),   -- 摄影修图
(14, 1, 1, 1, 62.0, '2026-06-30'),   -- PPT美化
(27, 1, 1, 0, 58.0, '2026-06-30'),   -- 健身指导
(6, 1, 1, 0, 55.0, '2026-06-30'),    -- 电脑维修
(19, 1, 0, 1, 52.0, '2026-06-30'),   -- 小程序开发
(4, 1, 1, 0, 50.0, '2026-06-30');    -- 论文写作

-- ========== ROLLBACK ==========
-- DELETE FROM `dbs_stat_skill_heat` WHERE `stat_date` = '2026-06-30';
-- DELETE FROM `dbs_stat_daily` WHERE `date` >= '2026-06-20';
-- DELETE FROM `dbs_time_slot` WHERE `user_id` IN (2,3,5,10,14);
-- DELETE FROM `credit_appeal` WHERE `id` = 1;
-- DELETE FROM `credit_violation` WHERE `id` = 1;
-- DELETE FROM `dbs_notification` WHERE `user_id` IN (2,3,4,5,7,8,11,15,22);
-- DELETE FROM `dbs_chat_message` WHERE `session_id` IN (1,2,3,5);
-- DELETE FROM `dbs_chat_session` WHERE `user1_id` IN (2,5,7,10,12,13,14);
-- DELETE FROM `dbs_review` WHERE `order_id` IN (1,2,3,4,5);
-- DELETE FROM `dbs_guarantee_pool` WHERE `order_id` IN (1,2,3,6,7,8);
-- DELETE FROM `dbs_point_freeze` WHERE `order_id` IN (6,7,8,9,10);
-- DELETE FROM `dbs_point_transaction` WHERE `user_id` IN (2,3,4,5,7,8,15,22);
-- DELETE FROM `dbs_point_account` WHERE `user_id` > 4;
-- DELETE FROM `dbs_order` WHERE `order_no` LIKE 'DBS2026%';
-- DELETE FROM `dbs_demand` WHERE `user_id` IN (6,7,8,11,12,15,18,19,21,22,23);
-- DELETE FROM `dbs_skill_shelf` WHERE `user_id` IN (5,6,7,9,10,11,12,13,14,17,20,24);
-- DELETE FROM `dbs_user_skill` WHERE `user_id` > 4;
-- DELETE FROM `dbs_user` WHERE `username` NOT IN ('admin', 'zhangsan', 'lisi', 'wangwu');
